Symbol,EPS
ZBRA,"{'2021': 8.29, '2020': 9.35, '2019': 9.97}"
STX,"{'2021': 5.36, '2020': 3.79, '2019': 7.06}"
WDC,"{'2021': 2.66, '2020': 0.84, '2019': 2.58}"
SLB,"{'2021': 0.51, '2020': 7.57, '2019': 7.32}"
TMO,"{'2021': 10.5, '2020': 15.96, '2019': 9.17}"
SNPS,"{'2021': 3.54, '2020': 4.27, '2019': 3.45}"
ULTA,"{'2021': 3.11, '2020': 12.15, '2019': 5.78}"
WMB,"{'2021': 0.6, '2020': 0.17, '2019': 0.7}"
SWKS,"{'2021': 7.02, '2020': 4.8, '2019': 4.89}"
SHW,"{'2021': 3.93, '2020': 7.36, '2019': 5.5}"
URI,"{'2021': 6.82, '2020': 12.2, '2019': 15.11}"
SBUX,"{'2021': 2.06, '2020': 0.79, '2019': 2.92}"
TRMB,"{'2021': 1.0, '2020': 1.55, '2019': 2.03}"
STE,"{'2021': 4.63, '2020': 4.76, '2019': 2.73}"
SYK,"{'2021': 2.34, '2020': 4.2, '2019': 5.48}"
SBAC,"{'2021': 1.27, '2020': 0.21, '2019': 1.28}"
VRSK,"{'2021': 1.97, '2020': 4.31, '2019': 2.7}"
TER,"{'2021': 2.85, '2020': 4.28, '2019': 2.6}"
VRTX,"{'2021': 2.75, '2020': 10.29, '2019': 4.51}"
XEL,"{'2021': 1.25, '2020': 2.79, '2019': 2.64}"
TSCO,"{'2021': 4.73, '2020': 6.38, '2019': 4.66}"
TECH,"{'2021': 3.47, '2020': 5.82, '2019': 2.47}"
TT,"{'2021': 2.88, '2020': 3.52, '2019': 5.77}"
VTRS,"{'2021': 1.09, '2020': 1698812.89, '2019': 0}"
WMT,"{'2021': 4.75, '2020': 5.19, '2019': 1.83}"
WELL,"{'2021': 0.23, '2020': 2.33, '2019': 3.05}"
STZ,"{'2021': 19.65, '2020': 0.14, '2019': 26.53}"
SWK,"{'2021': 5.8, '2020': 7.77, '2019': 6.35}"
UDR,"{'2021': 0.04, '2020': 0.2, '2019': 0.63}"
V,"{'2021': 3.98, '2020': 4.89, '2019': 5.32}"
SYY,"{'2021': 1.02, '2020': 0.42, '2019': 3.2}"
VIAC,"{'2021': 3.01, '2020': 3.92, '2019': 5.36}"
USB,"{'2021': 2.73, '2020': 3.06, '2019': 4.16}"
UNP,"{'2021': 4.72, '2020': 3.82, '2019': 8.38}"
SCHW,"{'2021': 1.32, '2020': 2.12, '2019': 2.67}"
TXT,"{'2021': 1.55, '2020': 1.35, '2019': 3.5}"
TJX,"{'2021': 0.07, '2020': 2.67, '2019': 1.28}"
SPG,"{'2021': 3.24, '2020': 3.59, '2019': 6.81}"
TROW,"{'2021': 6.63, '2020': 9.98, '2019': 8.7}"
ZBH,"{'2021': 1.62, '2020': 0.67, '2019': 5.47}"
XYL,"{'2021': 1.1, '2020': 1.4, '2019': 2.21}"
STT,"{'2021': 3.44, '2020': 6.32, '2019': 5.38}"
WM,"{'2021': 1.82, '2020': 3.52, '2019': 3.91}"
TSN,"{'2021': 4.63, '2020': 5.64, '2019': 5.4}"
RTX,"{'2021': 1.18, '2020': 2.59, '2019': 6.41}"
TYL,"{'2021': 1.48, '2020': 4.69, '2019': 3.65}"
VRSN,"{'2021': 2.64, '2020': 7.07, '2019': 5.15}"
WFC,"{'2021': 2.4, '2020': 0.41, '2019': 4.05}"
XLNX,"{'2021': 2.62, '2020': 3.11, '2019': 2.73}"
ZTS,"{'2021': 2.24, '2020': 3.42, '2019': 3.11}"
VFC,"{'2021': 1.04, '2020': 1.7, '2019': 2.75}"
WAB,"{'2021': 1.25, '2020': 2.17, '2019': 1.84}"
VMC,"{'2021': 2.67, '2020': 4.39, '2019': 4.63}"
TTWO,"{'2021': 5.09, '2020': 3.54, '2019': 2.28}"
VZ,"{'2021': 2.67, '2020': 4.3, '2019': 4.65}"
WLTW,"{'2021': 7.04, '2020': 7.65, '2019': 8.02}"
TGT,"{'2021': 8.64, '2020': 6.36, '2019': 2.69}"
SPGI,"{'2021': 6.42, '2020': 9.66, '2019': 8.6}"
TWTR,"{'2021': 0.16, '2020': 1.44, '2019': 1.87}"
WST,"{'2021': 4.47, '2020': 4.57, '2019': 3.21}"
SIVB,"{'2021': 19.1, '2020': 22.87, '2019': 21.73}"
TEL,"{'2021': 4.41, '2020': 0.73, '2019': 5.42}"
WBA,"{'2021': 2.21, '2020': 0.52, '2019': 4.31}"
TSLA,"{'2021': 1.41, '2020': 0.64, '2019': 0.98}"
SRE,"{'2021': 4.24, '2020': 12.88, '2019': 7.29}"
SYF,"{'2021': 3.84, '2020': 2.27, '2019': 5.56}"
UPS,"{'2021': 8.51, '2020': 1.54, '2019': 5.11}"
VLO,"{'2021': 1.34, '2020': 3.5, '2019': 5.84}"
TFC,"{'2021': 2.14, '2020': 3.08, '2019': 3.71}"
SO,"{'2021': 1.41, '2020': 2.93, '2019': 4.5}"
TFX,"{'2021': 3.33, '2020': 7.09, '2019': 9.8}"
XOM,"{'2021': 1.74, '2020': 5.25, '2019': 3.36}"
TXN,"{'2021': 3.92, '2020': 5.97, '2019': 5.24}"
UNH,"{'2021': 9.55, '2020': 16.03, '2019': 14.33}"
TRV,"{'2021': 6.53, '2020': 10.52, '2019': 9.92}"
TDY,"{'2021': 3.66, '2020': 10.62, '2019': 10.73}"
ROST,"{'2021': 0.24, '2020': 4.6, '2019': 2.11}"
WAT,"{'2021': 5.05, '2020': 8.36, '2019': 8.69}"
TMUS,"{'2021': 1.52, '2020': 2.65, '2019': 4.02}"
WY,"{'2021': 2.28, '2020': 1.07, '2019': 0.1}"
VTR,"{'2021': 0.08, '2020': 1.17, '2019': 1.17}"
T,"{'2021': 1.25, '2020': 0.75, '2019': 1.89}"
YUM,"{'2021': 2.35, '2020': 2.94, '2019': 4.14}"
WEC,"{'2021': 2.49, '2020': 3.79, '2019': 3.58}"
RSG,"{'2021': 1.96, '2020': 3.02, '2019': 3.33}"
TDG,"{'2021': 6.83, '2020': 8.96, '2019': 13.84}"
A,"{'2021': 2.5, '2020': 2.3, '2019': 3.37}"
AAL,"{'2021': 1.92, '2020': 18.36, '2019': 3.79}"
AAP,"{'2021': 5.55, '2020': 7.14, '2019': 6.84}"
AAPL,"{'2021': 4.38, '2020': 3.28, '2019': 2.97}"
ABBV,"{'2021': 2.41, '2020': 2.72, '2019': 5.28}"
ABC,"{'2021': 5.31, '2020': 16.65, '2019': 4.04}"
ABMD,"{'2021': 4.94, '2020': 4.43, '2019': 3.66}"
ABT,"{'2021': 1.66, '2020': 2.5, '2019': 2.06}"
ACN,"{'2021': 6.96, '2020': 7.89, '2019': 7.36}"
ADBE,"{'2021': 4.93, '2020': 10.83, '2019': 6.0}"
ADI,"{'2021': 3.53, '2020': 3.28, '2019': 3.65}"
ADM,"{'2021': 2.48, '2020': 3.15, '2019': 2.44}"
ADP,"{'2021': 6.07, '2020': 5.7, '2019': 5.24}"
ADSK,"{'2021': 5.44, '2020': 0.96, '2019': 0.19}"
AEE,"{'2021': 1.71, '2020': 3.5, '2019': 3.35}"
AEP,"{'2021': 2.31, '2020': 4.42, '2019': 3.88}"
AES,"{'2021': 0.18, '2020': 0.07, '2019': 0.45}"
AFL,"{'2021': 3.49, '2020': 6.67, '2019': 4.43}"
AIG,"{'2021': 4.53, '2020': 6.88, '2019': 3.74}"
AIZ,"{'2021': 5.95, '2020': 6.99, '2019': 5.84}"
AJG,"{'2021': 2.83, '2020': 4.2, '2019': 3.52}"
AKAM,"{'2021': 1.88, '2020': 3.37, '2019': 2.9}"
ALB,"{'2021': 4.51, '2020': 3.52, '2019': 5.02}"
ALGN,"{'2021': 5.02, '2020': 22.41, '2019': 5.53}"
ALK,"{'2021': 2.1, '2020': 10.72, '2019': 6.19}"
ALL,"{'2021': 0.61, '2020': 17.31, '2019': 14.03}"
ALLE,"{'2021': 2.49, '2020': 3.39, '2019': 4.26}"
AMAT,"{'2021': 4.52, '2020': 3.92, '2019': 2.86}"
AMCR,"{'2021': 0.6, '2020': 0.38, '2019': 0.06}"
AMD,"{'2021': 1.03, '2020': 2.06, '2019': 0.3}"
AME,"{'2021': 1.94, '2020': 3.77, '2019': 3.75}"
AMGN,"{'2021': 3.65, '2020': 12.31, '2019': 12.88}"
AMP,"{'2021': 8.45, '2020': 12.2, '2019': 13.92}"
AMT,"{'2021': 3.1, '2020': 3.79, '2019': 4.24}"
AMZN,"{'2021': 30.92, '2020': 41.83, '2019': 23.01}"
ANET,"{'2021': 4.73, '2020': 7.99, '2019': 10.63}"
ANSS,"{'2021': 1.89, '2020': 4.97, '2019': 5.25}"
ANTM,"{'2021': 13.95, '2020': 17.98, '2019': 18.47}"
AON,"{'2021': 5.66, '2020': 8.45, '2019': 6.37}"
AOS,"{'2021': 1.33, '2020': 2.12, '2019': 2.22}"
APA,"{'2021': 12.86, '2020': 9.43, '2019': 0.05}"
APD,"{'2021': 6.69, '2020': 8.49, '2019': 7.94}"
APH,"{'2021': 1.12, '2020': 1.96, '2019': 1.88}"
APTV,"{'2021': 1.57, '2020': 6.66, '2019': 3.85}"
ARE,"{'2021': 2.74, '2020': 6.01, '2019': 3.12}"
ATO,"{'2021': 4.77, '2020': 4.89, '2019': 4.35}"
ATVI,"{'2021': 1.91, '2020': 2.82, '2019': 1.95}"
AVB,"{'2021': 4.23, '2020': 5.89, '2019': 5.63}"
AVGO,"{'2021': 10.54, '2020': 6.33, '2019': 6.43}"
AVY,"{'2021': 4.69, '2020': 6.61, '2019': 3.57}"
AWK,"{'2021': 1.87, '2020': 3.91, '2019': 3.43}"
AXP,"{'2021': 5.54, '2020': 3.77, '2019': 7.99}"
AZO,"{'2021': 59.8, '2020': 71.93, '2019': 63.43}"
BA,"{'2021': 0.09, '2020': 20.88, '2019': 1.12}"
BAC,"{'2021': 1.9, '2020': 1.87, '2019': 2.75}"
BAX,"{'2021': 1.17, '2020': 2.13, '2019': 1.93}"
BBWI,"{'2021': 3.0, '2020': 1.33, '2019': 1.79}"
BBY,"{'2021': 6.84, '2020': 5.75, '2019': 3.62}"
BDX,"{'2021': 6.0, '2020': 2.71, '2019': 3.94}"
BEN,"{'2021': 2.27, '2020': 1.59, '2019': 2.35}"
BIIB,"{'2021': 5.68, '2020': 24.8, '2019': 31.42}"
BIO,"{'2021': 62.7, '2020': 126.2, '2019': 58.27}"
BK,"{'2021': 2.1, '2020': 3.83, '2019': 4.51}"
BKNG,"{'2021': 5.42, '2020': 1.44, '2019': 111.82}"
BKR,"{'2021': 0.67, '2020': 14.73, '2019': 0.23}"
BLK,"{'2021': 16.69, '2020': 31.85, '2019': 28.43}"
BLL,"{'2021': 1.2, '2020': 1.76, '2019': 1.66}"
BMY,"{'2021': 1.36, '2020': 3.99, '2019': 2.01}"
BR,"{'2021': 4.65, '2020': 3.95, '2019': 4.06}"
BRK.B,"{'2021': 26095.0, '2020': 57359.0, '2019': 49861.0}"
BSX,"{'2021': 0.35, '2020': 0.08, '2019': 3.33}"
BWA,"{'2021': 1.3, '2020': 2.34, '2019': 3.61}"
BXP,"{'2021': 1.3, '2020': 5.54, '2019': 3.3}"
C,"{'2021': 6.47, '2020': 4.72, '2019': 8.04}"
CAG,"{'2021': 2.66, '2020': 1.72, '2019': 1.52}"
CAH,"{'2021': 2.08, '2020': 12.61, '2019': 4.53}"
CARR,"{'2021': 2.25, '2020': 0.24, '2019': 0.28}"
CAT,"{'2021': 5.33, '2020': 5.46, '2019': 10.74}"
CB,"{'2021': 10.13, '2020': 7.79, '2019': 9.71}"
CBOE,"{'2021': 2.26, '2020': 4.27, '2019': 3.34}"
CBRE,"{'2021': 2.09, '2020': 2.22, '2019': 3.77}"
CCL,"{'2021': 3.63, '2020': 13.2, '2019': 4.32}"
CDNS,"{'2021': 1.23, '2020': 2.11, '2019': 3.53}"
CDW,"{'2021': 3.56, '2020': 5.45, '2019': 4.99}"
CE,"{'2021': 7.58, '2020': 16.75, '2019': 6.84}"
CERN,"{'2021': 0.67, '2020': 2.52, '2019': 1.65}"
CF,"{'2021': 1.83, '2020': 1.47, '2019': 2.23}"
CFG,"{'2021': 2.81, '2020': 2.22, '2019': 3.81}"
CHD,"{'2021': 1.76, '2020': 3.12, '2019': 2.44}"
CHRW,"{'2021': 2.71, '2020': 3.72, '2019': 4.19}"
CHTR,"{'2021': 9.37, '2020': 15.4, '2019': 7.45}"
CI,"{'2021': 7.54, '2020': 22.96, '2019': 13.44}"
CINF,"{'2021': 8.13, '2020': 15.05, '2019': 12.1}"
CL,"{'2021': 1.63, '2020': 3.14, '2019': 2.75}"
CLX,"{'2021': 5.58, '2020': 7.36, '2019': 6.32}"
CMA,"{'2021': 4.76, '2020': 3.27, '2019': 7.87}"
CMCSA,"{'2021': 1.51, '2020': 2.28, '2019': 2.83}"
CME,"{'2021': 3.02, '2020': 5.87, '2019': 5.91}"
CMG,"{'2021': 11.04, '2020': 12.52, '2019': 12.38}"
CMI,"{'2021': 8.16, '2020': 12.01, '2019': 14.48}"
PNC,"{'2021': 6.53, '2020': 16.96, '2019': 11.39}"
PNR,"{'2021': 1.55, '2020': 2.14, '2019': 2.09}"
PNW,"{'2021': 2.22, '2020': 4.87, '2019': 4.77}"
POOL,"{'2021': 8.78, '2020': 8.97, '2019': 6.4}"
PPG,"{'2021': 3.38, '2020': 4.45, '2019': 5.22}"
PPL,"{'2021': 2.37, '2020': 1.91, '2019': 2.37}"
PRGO,"{'2021': 0.15, '2020': 1.19, '2019': 1.07}"
PRU,"{'2021': 12.39, '2020': 1.0, '2019': 10.11}"
PSA,"{'2021': 4.18, '2020': 6.29, '2019': 7.29}"
PSX,"{'2021': 0.83, '2020': 9.06, '2019': 6.77}"
PTC,"{'2021': 1.56, '2020': 1.12, '2019': 0.23}"
PVH,"{'2021': 15.96, '2020': 5.6, '2019': 5.23}"
PWR,"{'2021': 1.43, '2020': 3.07, '2019': 2.73}"
PXD,"{'2021': 1.33, '2020': 1.21, '2019': 4.59}"
PYPL,"{'2021': 1.92, '2020': 3.54, '2019': 2.07}"
QCOM,"{'2021': 5.43, '2020': 4.52, '2019': 3.59}"
QRVO,"{'2021': 6.32, '2020': 2.8, '2019': 1.29}"
RCL,"{'2021': 9.96, '2020': 20.78, '2019': 8.95}"
RE,"{'2021': 25.47, '2020': 12.78, '2019': 24.7}"
REG,"{'2021': 1.04, '2020': 0.26, '2019': 1.43}"
REGN,"{'2021': 38.07, '2020': 30.52, '2019': 18.46}"
RF,"{'2021': 1.41, '2020': 1.03, '2019': 1.5}"
RHI,"{'2021': 2.32, '2020': 2.7, '2019': 3.9}"
RJF,"{'2021': 6.92, '2020': 5.83, '2019': 7.17}"
RL,"{'2021': 1.65, '2020': 4.98, '2019': 3.96}"
RMD,"{'2021': 3.24, '2020': 4.27, '2019': 2.8}"
ROK,"{'2021': 10.91, '2020': 8.77, '2019': 5.83}"
ROL,"{'2021': 0.39, '2020': 0.53, '2019': 0.41}"
ROP,"{'2021': 5.42, '2020': 8.98, '2019': 16.82}"
CMS,"{'2021': 1.82, '2020': 2.64, '2019': 2.39}"
CNC,"{'2021': 0.28, '2020': 3.12, '2019': 3.14}"
CNP,"{'2021': 0.93, '2020': 1.79, '2019': 1.33}"
COF,"{'2021': 14.65, '2020': 5.18, '2019': 11.05}"
COG,"{'2021': 0.39, '2020': 0.5, '2019': 1.63}"
COO,"{'2021': 57.01, '2020': 4.81, '2019': 9.33}"
COP,"{'2021': 1.6, '2020': 6.4, '2019': 5.32}"
COST,"{'2021': 7.51, '2020': 9.02, '2019': 8.26}"
CPB,"{'2021': 2.34, '2020': 5.36, '2019': 0.7}"
CPRT,"{'2021': 2.83, '2020': 2.93, '2019': 2.46}"
CRL,"{'2021': 2.93, '2020': 7.2, '2019': 5.07}"
CRM,"{'2021': 4.38, '2020': 0.15, '2019': 0.59}"
CSCO,"{'2021': 2.5, '2020': 2.64, '2019': 2.61}"
CSX,"{'2021': 0.82, '2020': 1.2, '2019': 1.39}"
CTAS,"{'2021': 10.24, '2020': 8.11, '2019': 7.99}"
CTLT,"{'2021': 3.11, '2020': 1.14, '2019': 0.9}"
CTSH,"{'2021': 1.92, '2020': 2.57, '2019': 3.29}"
CTVA,"{'2021': 2.11, '2020': 0.91, '2019': 1.28}"
CTXS,"{'2021': 1.21, '2020': 4.0, '2019': 5.03}"
CVS,"{'2021': 3.78, '2020': 5.46, '2019': 5.08}"
CVX,"{'2021': 2.32, '2020': 2.96, '2019': 1.54}"
CZR,"{'2021': 1.68, '2020': 13.5, '2019': 1.03}"
D,"{'2021': 1.56, '2020': 0.57, '2019': 1.62}"
DAL,"{'2021': 0.82, '2020': 19.49, '2019': 7.3}"
DD,"{'2021': 10.33, '2020': 4.01, '2019': 0.67}"
DE,"{'2021': 14.86, '2020': 8.69, '2019': 10.15}"
DFS,"{'2021': 10.59, '2020': 3.6, '2019': 9.08}"
DG,"{'2021': 10.62, '2020': 6.64, '2019': 3.09}"
DGX,"{'2021': 8.38, '2020': 10.47, '2019': 6.28}"
DHI,"{'2021': 7.73, '2020': 6.41, '2019': 4.29}"
DHR,"{'2021': 4.68, '2020': 4.89, '2019': 4.05}"
DIS,"{'2021': 1.0, '2020': 1.58, '2019': 6.64}"
DISCA,"{'2021': 1.22, '2020': 1.81, '2019': 2.88}"
DISCK,"{'2021': 1.22, '2020': 1.81, '2019': 2.88}"
DISH,"{'2021': 2.05, '2020': 3.02, '2019': 2.6}"
DLR,"{'2021': 1.77, '2020': 1.0, '2019': 2.35}"
DLTR,"{'2021': 5.65, '2020': 3.47, '2019': 8.51}"
DOV,"{'2021': 3.43, '2020': 4.7, '2019': 4.61}"
DOW,"{'2021': 3.83, '2020': 1.64, '2019': 2.68}"
DPZ,"{'2021': 6.06, '2020': 12.39, '2019': 9.56}"
DRE,"{'2021': 0.68, '2020': 0.8, '2019': 1.18}"
DRI,"{'2021': 4.77, '2020': 0.43, '2019': 5.69}"
DTE,"{'2021': 2.97, '2020': 7.08, '2019': 6.31}"
DUK,"{'2021': 2.21, '2020': 1.72, '2019': 5.06}"
DVA,"{'2021': 4.72, '2020': 6.31, '2019': 5.27}"
DVN,"{'2021': 0.7, '2020': 7.12, '2019': 0.89}"
DXC,"{'2021': 0.59, '2020': 20.76, '2019': 3.57}"
DXCM,"{'2021': 1.04, '2020': 5.06, '2019': 1.1}"
EA,"{'2021': 2.87, '2020': 10.3, '2019': 2.38}"
EBAY,"{'2021': 16.52, '2020': 7.89, '2019': 2.09}"
ECL,"{'2021': 1.75, '2020': 4.15, '2019': 5.33}"
ED,"{'2021': 1.7, '2020': 3.28, '2019': 4.08}"
EFX,"{'2021': 3.38, '2020': 4.24, '2019': 3.15}"
EIX,"{'2021': 1.52, '2020': 1.98, '2019': 3.77}"
EL,"{'2021': 7.79, '2020': 1.86, '2019': 4.82}"
EMN,"{'2021': 0.93, '2020': 3.5, '2019': 5.48}"
EMR,"{'2021': 2.71, '2020': 3.24, '2019': 3.71}"
ENPH,"{'2021': 0.49, '2020': 0.95, '2019': 1.23}"
EOG,"{'2021': 2.72, '2020': 1.04, '2019': 4.71}"
EQIX,"{'2021': 2.5, '2020': 4.18, '2019': 5.99}"
EQR,"{'2021': 1.0, '2020': 2.45, '2019': 2.6}"
ES,"{'2021': 1.83, '2020': 3.55, '2019': 2.81}"
ESS,"{'2021': 3.59, '2020': 8.69, '2019': 6.66}"
ETN,"{'2021': 2.4, '2020': 3.49, '2019': 5.25}"
ETR,"{'2021': 1.63, '2020': 6.9, '2019': 6.3}"
ETSY,"{'2021': 1.68, '2020': 2.69, '2019': 0.76}"
EVRG,"{'2021': 1.65, '2020': 2.72, '2019': 2.79}"
EW,"{'2021': 1.31, '2020': 1.3, '2019': 1.64}"
EXC,"{'2021': 0.11, '2020': 2.01, '2019': 3.01}"
EXPD,"{'2021': 3.52, '2020': 4.07, '2019': 3.39}"
EXPE,"{'2021': 6.16, '2020': 19.0, '2019': 3.77}"
EXR,"{'2021': 2.79, '2020': 3.71, '2019': 3.24}"
F,"{'2021': 0.95, '2020': 0.32, '2019': 0.01}"
FANG,"{'2021': 3.06, '2020': 28.59, '2019': 1.47}"
FAST,"{'2021': 0.78, '2020': 1.49, '2019': 1.38}"
FB,"{'2021': 6.9, '2020': 10.09, '2019': 6.43}"
FBHS,"{'2021': 2.81, '2020': 3.94, '2019': 3.06}"
FCX,"{'2021': 1.21, '2020': 0.41, '2019': 0.17}"
FDX,"{'2021': 19.45, '2020': 4.9, '2019': 2.03}"
FE,"{'2021': 0.72, '2020': 1.99, '2019': 1.68}"
FFIV,"{'2021': 3.55, '2020': 5.01, '2019': 7.08}"
FIS,"{'2021': 0.05, '2020': 0.25, '2019': 0.66}"
FISV,"{'2021': 0.85, '2020': 1.4, '2019': 1.71}"
FITB,"{'2021': 1.87, '2020': 1.83, '2019': 3.33}"
FLT,"{'2021': 4.45, '2020': 8.12, '2019': 9.94}"
FMC,"{'2021': 2.97, '2020': 4.22, '2019': 3.62}"
FOX,"{'2021': 3.61, '2020': 1.62, '2019': 1.58}"
FOXA,"{'2021': 3.61, '2020': 1.62, '2019': 1.58}"
FRT,"{'2021': 1.16, '2020': 1.62, '2019': 4.61}"
FTNT,"{'2021': 1.47, '2020': 2.91, '2019': 1.9}"
FTV,"{'2021': 0.75, '2020': 1.02, '2019': 1.46}"
GD,"{'2021': 5.1, '2020': 11.0, '2019': 11.98}"
GE,"{'2021': 3.68, '2020': 4.64, '2019': 4.96}"
GILD,"{'2021': 2.58, '2020': 0.1, '2019': 4.22}"
GIS,"{'2021': 3.78, '2020': 3.56, '2019': 2.9}"
GL,"{'2021': 3.62, '2020': 6.82, '2019': 6.83}"
GLW,"{'2021': 0.27, '2020': 0.54, '2019': 1.07}"
GM,"{'2021': 3.93, '2020': 4.33, '2019': 4.57}"
GNRC,"{'2021': 4.34, '2020': 5.48, '2019': 4.03}"
GOOG,"{'2021': 53.54, '2020': 58.61, '2019': 49.16}"
GOOGL,"{'2021': 53.54, '2020': 58.61, '2019': 49.16}"
GPC,"{'2021': 2.85, '2020': 0.2, '2019': 4.24}"
GPN,"{'2021': 1.55, '2020': 1.95, '2019': 2.16}"
GPS,"{'2021': 1.78, '2020': 0.93, '2019': 1.41}"
GRMN,"{'2021': 2.78, '2020': 5.17, '2019': 4.99}"
GS,"{'2021': 33.64, '2020': 24.74, '2019': 21.03}"
GWW,"{'2021': 8.76, '2020': 12.82, '2019': 15.32}"
HAL,"{'2021': 0.45, '2020': 3.34, '2019': 1.29}"
HAS,"{'2021': 0.68, '2020': 1.62, '2019': 4.05}"
HBAN,"{'2021': 0.4, '2020': 0.69, '2019': 1.27}"
HBI,"{'2021': 0.38, '2020': 0.21, '2019': 1.64}"
HCA,"{'2021': 8.5, '2020': 10.93, '2019': 10.07}"
HD,"{'2021': 11.94, '2020': 10.25, '2019': 4.61}"
HES,"{'2021': 0.58, '2020': 10.15, '2019': 1.37}"
HIG,"{'2021': 3.17, '2020': 4.76, '2019': 5.66}"
HII,"{'2021': 6.87, '2020': 17.14, '2019': 13.26}"
HLT,"{'2021': 0.08, '2020': 2.56, '2019': 3.04}"
HOLX,"{'2021': 5.93, '2020': 4.21, '2019': 0.76}"
HON,"{'2021': 4.06, '2020': 6.72, '2019': 8.41}"
HPE,"{'2021': 0.66, '2020': 0.25, '2019': 0.77}"
HPQ,"{'2021': 2.73, '2020': 2.0, '2019': 2.07}"
HRL,"{'2021': 1.15, '2020': 1.66, '2019': 1.8}"
HSIC,"{'2021': 2.82, '2020': 4.65, '2019': 3.49}"
HST,"{'2021': 0.3, '2020': 1.04, '2019': 1.26}"
HSY,"{'2021': 3.35, '2020': 6.11, '2019': 5.46}"
HUM,"{'2021': 10.94, '2020': 25.31, '2019': 20.1}"
HWM,"{'2021': 0.35, '2020': 0.59, '2019': 1.03}"
IBM,"{'2021': 2.52, '2020': 6.23, '2019': 10.56}"
ICE,"{'2021': 3.36, '2020': 3.77, '2019': 3.42}"
IDXX,"{'2021': 4.69, '2020': 6.71, '2019': 4.89}"
IEX,"{'2021': 2.81, '2020': 4.94, '2019': 5.56}"
IFF,"{'2021': 0.06, '2020': 3.21, '2019': 4.0}"
ILMN,"{'2021': 2.26, '2020': 4.45, '2019': 6.74}"
INCY,"{'2021': 0.91, '2020': 1.36, '2019': 2.05}"
INFO,"{'2021': 0.77, '2020': 2.17, '2019': 1.23}"
INTC,"{'2021': 2.06, '2020': 4.94, '2019': 4.71}"
INTU,"{'2021': 7.56, '2020': 6.92, '2019': 5.89}"
IP,"{'2021': 1.96, '2020': 1.22, '2019': 3.07}"
IPG,"{'2021': 0.89, '2020': 0.89, '2019': 1.68}"
IPGP,"{'2021': 2.55, '2020': 2.97, '2019': 3.35}"
IQV,"{'2021': 1.99, '2020': 1.43, '2019': 0.96}"
IR,"{'2021': 0.34, '2020': 0.09, '2019': 0.76}"
IRM,"{'2021': 1.11, '2020': 1.19, '2019': 0.93}"
ISRG,"{'2021': 7.77, '2020': 8.82, '2019': 11.54}"
IT,"{'2021': 4.95, '2020': 2.96, '2019': 2.56}"
ITW,"{'2021': 4.56, '2020': 6.63, '2019': 7.74}"
IVZ,"{'2021': 1.37, '2020': 1.13, '2019': 1.28}"
J,"{'2021': 2.87, '2020': 3.71, '2019': 6.08}"
JBHT,"{'2021': 2.98, '2020': 4.74, '2019': 4.77}"
JCI,"{'2021': 1.89, '2020': 0.84, '2019': 6.49}"
JKHY,"{'2021': 4.12, '2020': 3.86, '2019': 3.52}"
JNJ,"{'2021': 4.67, '2020': 5.51, '2019': 5.63}"
JNPR,"{'2021': 0.09, '2020': 0.77, '2019': 0.99}"
JPM,"{'2021': 8.28, '2020': 8.88, '2019': 10.72}"
K,"{'2021': 2.18, '2020': 3.63, '2019': 2.8}"
KEY,"{'2021': 1.34, '2020': 1.27, '2019': 1.62}"
KEYS,"{'2021': 3.27, '2020': 3.31, '2019': 3.25}"
KHC,"{'2021': 0.43, '2020': 0.29, '2019': 1.58}"
KIM,"{'2021': 0.56, '2020': 2.25, '2019': 0.8}"
KLAC,"{'2021': 13.37, '2020': 7.7, '2019': 7.49}"
KMB,"{'2021': 2.92, '2020': 6.87, '2019': 6.24}"
KMI,"{'2021': 0.29, '2020': 0.05, '2019': 0.96}"
KMX,"{'2021': 4.52, '2020': 5.33, '2019': 3.46}"
KO,"{'2021': 1.13, '2020': 1.79, '2019': 2.07}"
KR,"{'2021': 3.27, '2020': 2.04, '2019': 0.73}"
KSU,"{'2021': 2.48, '2020': 6.54, '2019': 5.4}"
L,"{'2021': 3.82, '2020': 3.32, '2019': 3.07}"
LDOS,"{'2021': 2.62, '2020': 4.36, '2019': 4.6}"
LEG,"{'2021': 1.46, '2020': 1.82, '2019': 2.47}"
LEN,"{'2021': 5.85, '2020': 7.85, '2019': 5.74}"
LH,"{'2021': 12.58, '2020': 15.88, '2019': 8.35}"
LHX,"{'2021': 4.25, '2020': 5.19, '2019': 1.76}"
LIN,"{'2021': 3.46, '2020': 4.71, '2019': 4.19}"
LKQ,"{'2021': 1.89, '2020': 2.1, '2019': 1.75}"
LLY,"{'2021': 3.01, '2020': 6.79, '2019': 8.89}"
LMT,"{'2021': 13.08, '2020': 24.3, '2019': 21.95}"
LNC,"{'2021': 4.51, '2020': 2.56, '2019': 4.38}"
LNT,"{'2021': 1.26, '2020': 2.47, '2019': 2.33}"
LOW,"{'2021': 7.75, '2020': 5.49, '2019': 0.21}"
LRCX,"{'2021': 26.9, '2020': 15.1, '2019': 13.7}"
LUMN,"{'2021': 0.9, '2020': 1.14, '2019': 4.92}"
LUV,"{'2021': 0.76, '2020': 5.44, '2019': 4.27}"
LVS,"{'2021': 0.62, '2020': 2.21, '2019': 3.5}"
LW,"{'2021': 2.16, '2020': 2.49, '2019': 3.18}"
LYB,"{'2021': 9.32, '2020': 4.24, '2019': 9.58}"
LYV,"{'2021': 2.34, '2020': 8.12, '2019': 0.02}"
MA,"{'2021': 3.91, '2020': 6.37, '2019': 7.94}"
MAA,"{'2021': 2.28, '2020': 2.19, '2019': 3.07}"
MAR,"{'2021': 1.25, '2020': 0.82, '2019': 3.8}"
MAS,"{'2021': 0.2, '2020': 4.59, '2019': 3.22}"
MCD,"{'2021': 5.0, '2020': 6.31, '2019': 7.88}"
MCHP,"{'2021': 1.29, '2020': 2.23, '2019': 1.28}"
MCK,"{'2021': 28.26, '2020': 4.95, '2019': 0.85}"
MCO,"{'2021': 6.98, '2020': 9.39, '2019': 7.42}"
MDLZ,"{'2021': 1.44, '2020': 2.47, '2019': 2.69}"
MDT,"{'2021': 2.66, '2020': 3.54, '2019': 2.62}"
MET,"{'2021': 4.13, '2020': 5.68, '2019': 6.06}"
MGM,"{'2021': 0.56, '2020': 2.02, '2019': 3.88}"
MHK,"{'2021': 8.18, '2020': 7.22, '2019': 10.3}"
MKC,"{'2021': 1.28, '2020': 2.78, '2019': 2.62}"
MKTX,"{'2021': 3.87, '2020': 7.85, '2019': 5.4}"
MLM,"{'2021': 4.65, '2020': 11.54, '2019': 9.74}"
MMC,"{'2021': 3.51, '2020': 3.94, '2019': 3.41}"
MMM,"{'2021': 5.36, '2020': 9.25, '2019': 7.81}"
MNST,"{'2021': 1.34, '2020': 2.64, '2019': 2.03}"
MO,"{'2021': 1.93, '2020': 2.4, '2019': 0.7}"
MOS,"{'2021': 1.55, '2020': 1.75, '2019': 2.78}"
MPC,"{'2021': 12.71, '2020': 15.13, '2019': 3.97}"
MPWR,"{'2021': 2.11, '2020': 3.5, '2019': 2.38}"
MRK,"{'2021': 1.86, '2020': 2.78, '2019': 3.81}"
MRNA,"{'2021': 9.3, '2020': 1.96, '2019': 1.55}"
MRO,"{'2021': 0.14, '2020': 1.83, '2019': 0.59}"
MS,"{'2021': 4.04, '2020': 6.46, '2019': 5.19}"
MSCI,"{'2021': 4.34, '2020': 7.12, '2019': 6.59}"
MSFT,"{'2021': 8.05, '2020': 5.76, '2019': 5.06}"
MSI,"{'2021': 3.1, '2020': 5.45, '2019': 4.95}"
MTB,"{'2021': 6.73, '2020': 9.94, '2019': 13.75}"
MTD,"{'2021': 14.17, '2020': 24.91, '2019': 22.47}"
MU,"{'2021': 2.75, '2020': 2.37, '2019': 5.51}"
NCLH,"{'2021': 5.97, '2020': 15.75, '2019': 4.3}"
NDAQ,"{'2021': 3.83, '2020': 5.59, '2019': 4.63}"
NEE,"{'2021': 0.98, '2020': 1.48, '2019': 1.94}"
NEM,"{'2021': 1.51, '2020': 3.51, '2019': 3.81}"
NFLX,"{'2021': 6.72, '2020': 6.08, '2019': 4.13}"
NI,"{'2021': 0.8, '2020': 0.19, '2019': 0.87}"
NKE,"{'2021': 3.56, '2020': 1.6, '2019': 2.49}"
NLOK,"{'2021': 0.92, '2020': 6.05, '2019': 0.15}"
NLSN,"{'2021': 1.8, '2020': 0.02, '2019': 1.17}"
NOC,"{'2021': 19.89, '2020': 19.03, '2019': 13.22}"
NOV,"{'2021': 0.37, '2020': 6.62, '2019': 15.96}"
NOW,"{'2021': 0.7, '2020': 0.59, '2019': 3.18}"
NRG,"{'2021': 4.07, '2020': 2.07, '2019': 16.81}"
NSC,"{'2021': 5.94, '2020': 7.84, '2019': 10.25}"
NTAP,"{'2021': 3.23, '2020': 3.52, '2019': 3.46}"
NTRS,"{'2021': 3.42, '2020': 5.46, '2019': 6.63}"
NUE,"{'2021': 8.13, '2020': 2.36, '2019': 4.14}"
NVDA,"{'2021': 1.72, '2020': 1.13, '2019': 0.72}"
NVR,"{'2021': 145.53, '2020': 230.11, '2019': 221.13}"
NWL,"{'2021': 0.67, '2020': 1.82, '2019': 0.25}"
NWS,"{'2021': 0.56, '2020': 2.16, '2019': 0.26}"
NWSA,"{'2021': 0.56, '2020': 2.16, '2019': 0.26}"
NXPI,"{'2021': 2.67, '2020': 0.18, '2019': 0.4}"
O,"{'2021': 0.59, '2020': 1.14, '2019': 1.38}"
ODFL,"{'2021': 4.01, '2020': 5.68, '2019': 5.1}"
OKE,"{'2021': 1.63, '2020': 1.42, '2019': 3.07}"
OMC,"{'2021': 2.93, '2020': 4.37, '2019': 6.06}"
ORCL,"{'2021': 4.55, '2020': 3.08, '2019': 2.4}"
ORLY,"{'2021': 15.39, '2020': 23.53, '2019': 17.88}"
OTIS,"{'2021': 2.08, '2020': 0.44, '2019': 0.6}"
OXY,"{'2021': 0.47, '2020': 17.06, '2019': 1.22}"
PAYC,"{'2021': 2.01, '2020': 2.46, '2019': 3.09}"
PAYX,"{'2021': 3.03, '2020': 3.04, '2019': 2.86}"
PBCT,"{'2021': 0.73, '2020': 0.49, '2019': 1.27}"
PCAR,"{'2021': 2.76, '2020': 3.74, '2019': 6.87}"
PEAK,"{'2021': 0.78, '2020': 0.5, '2019': 0.6}"
PEG,"{'2021': 0.93, '2020': 3.76, '2019': 3.33}"
PENN,"{'2021': 1.72, '2020': 5.0, '2019': 0.37}"
PEP,"{'2021': 2.94, '2020': 5.12, '2019': 5.2}"
PFE,"{'2021': 1.84, '2020': 1.71, '2019': 2.87}"
PFG,"{'2021': 3.19, '2020': 5.05, '2019': 4.96}"
PG,"{'2021': 5.5, '2020': 4.96, '2019': 1.43}"
PGR,"{'2021': 3.85, '2020': 9.66, '2019': 6.72}"
PH,"{'2021': 13.35, '2020': 9.26, '2019': 11.57}"
PHM,"{'2021': 3.03, '2020': 5.18, '2019': 3.66}"
PKG,"{'2021': 3.92, '2020': 4.84, '2019': 7.34}"
PKI,"{'2021': 5.56, '2020': 6.49, '2019': 2.04}"
PLD,"{'2021': 1.3, '2020': 2.01, '2019': 2.46}"
PM,"{'2021': 2.93, '2020': 5.16, '2019': 4.61}"
UAL,"{'2021': 5.6, '2020': 25.3, '2019': 11.58}"
WHR,"{'2021': 15.96, '2020': 17.07, '2019': 18.45}"
WRK,"{'2021': 1.93, '2020': 2.67, '2019': 3.33}"
XRAY,"{'2021': 0.98, '2020': 0.38, '2019': 1.17}"
SJM,"{'2021': 7.79, '2020': 6.84, '2019': 3.35}"
SNA,"{'2021': 7.26, '2020': 11.44, '2019': 12.41}"
UHS,"{'2021': 6.22, '2020': 10.99, '2019': 9.13}"
TPR,"{'2021': 2.95, '2020': 2.34, '2019': 2.21}"
WYNN,"{'2021': 3.66, '2020': 19.37, '2019': 1.15}"
WRB,"{'2021': 2.5, '2020': 2.81, '2019': 3.52}"
SEE,"{'2021': 1.42, '2020': 3.22, '2019': 1.69}"
ZION,"{'2021': 3.98, '2020': 3.02, '2019': 4.16}"
WU,"{'2021': 0.98, '2020': 1.79, '2019': 2.46}"
TAP,"{'2021': 2.17, '2020': 4.38, '2019': 1.11}"
VNO,"{'2021': 0.27, '2020': 1.83, '2019': 16.21}"
UNM,"{'2021': 1.64, '2020': 3.89, '2019': 5.24}"
UAA,"{'2021': 0.3, '2020': 1.21, '2019': 0.2}"
UA,"{'2021': 0.3, '2020': 1.21, '2019': 0.2}"
